{"stats":{"minecraft:killed":{"minecraft:sheep":2},"minecraft:used":{"minecraft:dirt":1,"minecraft:mutton":3},"minecraft:mined":{"minecraft:grass":3,"minecraft:grass_block":1,"minecraft:oak_log":5,"minecraft:birch_leaves":2,"minecraft:oak_leaves":6},"minecraft:crafted":{"minecraft:oak_planks":20,"minecraft:crafting_table":1},"minecraft:picked_up":{"minecraft:oak_log":5,"minecraft:mutton":4,"minecraft:white_wool":2,"minecraft:dirt":1},"minecraft:dropped":{"minecraft:mutton":1},"minecraft:custom":{"minecraft:time_since_rest":7827,"minecraft:play_one_minute":7827,"minecraft:sprint_one_cm":24599,"minecraft:damage_taken":210,"minecraft:walk_one_cm":46614,"minecraft:mob_kills":3,"minecraft:drop":1,"minecraft:jump":205,"minecraft:damage_dealt":191,"minecraft:leave_game":2,"minecraft:time_since_death":7827,"minecraft:walk_on_water_one_cm":314,"minecraft:fall_one_cm":6918,"minecraft:fly_one_cm":15618}},"DataVersion":2586}