{"stats":{"minecraft:custom":{"minecraft:mob_kills":68,"minecraft:animals_bred":1,"minecraft:interact_with_crafting_table":54,"minecraft:time_since_death":205514,"minecraft:sprint_one_cm":233358,"minecraft:walk_one_cm":323694,"minecraft:damage_blocked_by_shield":1580,"minecraft:drop":36,"minecraft:sneak_time":3645,"minecraft:walk_under_water_one_cm":38428,"minecraft:jump":2104,"minecraft:walk_on_water_one_cm":26078,"minecraft:interact_with_furnace":264,"minecraft:play_one_minute":205514,"minecraft:sleep_in_bed":2,"minecraft:time_since_rest":96932,"minecraft:damage_taken":1937,"minecraft:damage_absorbed":40,"minecraft:damage_dealt":9802,"minecraft:fly_one_cm":302911,"minecraft:swim_one_cm":175805,"minecraft:open_chest":36,"minecraft:crouch_one_cm":9760,"minecraft:fall_one_cm":47000},"minecraft:broken":{"minecraft:golden_hoe":1,"minecraft:golden_axe":1,"minecraft:stone_axe":2,"minecraft:iron_pickaxe":1,"minecraft:stone_shovel":1},"minecraft:killed":{"alexsmobs:dropbear":2,"alexsmobs:lobster":1,"alexsmobs:raccoon":4,"minecraft:spider":6,"minecraft:skeleton":13,"minecraft:chicken":4,"minecraft:drowned":2,"minecraft:piglin":2,"minecraft:pig":6,"minecraft:bat":1,"minecraft:creeper":6,"minecraft:sheep":5,"minecraft:zombie":12,"alexsmobs:cockroach":1,"minecraft:ghast":1,"alexsmobs:fly":1},"minecraft:picked_up":{"minecraft:crafting_table":10,"minecraft:wheat":3,"minecraft:splash_potion":1,"minecraft:chicken":4,"minecraft:wooden_pickaxe":1,"minecraft:gold_block":1,"minecraft:nether_brick":6,"minecraft:string":8,"minecraft:flint_and_steel":2,"minecraft:blackstone":17,"alexsmobs:dropbear_claw":2,"minecraft:gold_nugget":40,"minecraft:bucket":1,"minecraft:poppy":1,"minecraft:light_gray_wool":1,"alexsmobs:raccoon_tail":4,"minecraft:sugar_cane":39,"minecraft:chest":1,"minecraft:birch_sapling":11,"minecraft:furnace":16,"minecraft:egg":9,"minecraft:stick":85,"minecraft:torch":8,"minecraft:porkchop":12,"minecraft:dried_kelp":12,"minecraft:trident":1,"minecraft:quartz_block":2,"minecraft:arrow":18,"minecraft:rotten_flesh":19,"minecraft:golden_hoe":1,"minecraft:gold_ingot":2,"minecraft:mutton":8,"minecraft:obsidian":3,"minecraft:snowball":30,"minecraft:white_wool":6,"minecraft:cobblestone":139,"minecraft:birch_log":17,"minecraft:magma_block":4,"minecraft:feather":2,"minecraft:leather":2,"minecraft:brown_wool":1,"minecraft:oak_log":319,"minecraft:gunpowder":3,"minecraft:dirt":281,"minecraft:cooked_mutton":1,"minecraft:bone":9,"minecraft:apple":13,"minecraft:stone_bricks":1,"minecraft:kelp":1437,"minecraft:bow":2,"minecraft:wheat_seeds":12,"alexsmobs:cockroach_wing_fragment":1,"minecraft:iron_ore":34,"minecraft:mossy_stone_brick_wall":1,"minecraft:oak_planks":8,"minecraft:soul_sand":14,"minecraft:oak_slab":8,"minecraft:quartz":39,"minecraft:dandelion":2,"minecraft:gravel":9,"minecraft:spruce_sapling":1,"minecraft:white_bed":1,"minecraft:spruce_log":6,"minecraft:spectral_arrow":14,"minecraft:spider_eye":2,"minecraft:granite":3,"minecraft:golden_apple":1,"alexsmobs:maggot":6,"minecraft:oak_sapling":114,"minecraft:netherrack":39,"minecraft:coal":51},"minecraft:crafted":{"minecraft:oak_planks":304,"minecraft:stone_shovel":1,"minecraft:cooked_chicken":4,"minecraft:furnace":8,"minecraft:bone_meal":9,"minecraft:cooked_mutton":6,"minecraft:quartz_block":9,"minecraft:bow":1,"minecraft:iron_boots":1,"minecraft:stone_pickaxe":2,"minecraft:chest":1,"minecraft:dried_kelp_block":141,"minecraft:stone_hoe":1,"minecraft:oak_fence":39,"minecraft:oak_slab":150,"minecraft:cooked_porkchop":9,"minecraft:crafting_table":4,"minecraft:spruce_planks":24,"minecraft:dried_kelp":1334,"minecraft:wooden_pickaxe":2,"minecraft:iron_helmet":1,"minecraft:iron_sword":1,"minecraft:bucket":1,"minecraft:stone_axe":3,"minecraft:bread":1,"minecraft:air":0,"minecraft:oak_fence_gate":1,"minecraft:iron_chestplate":1,"minecraft:charcoal":81,"minecraft:yellow_dye":1,"minecraft:shield":1,"minecraft:stick":100,"minecraft:iron_ingot":34,"minecraft:iron_pickaxe":1,"minecraft:wooden_axe":1,"minecraft:iron_leggings":1,"minecraft:gold_ingot":13,"minecraft:white_bed":1,"minecraft:torch":60},"minecraft:used":{"minecraft:oak_fence":34,"minecraft:trident":26,"minecraft:flint_and_steel":1,"minecraft:stone_shovel":132,"minecraft:dried_kelp":54,"minecraft:chest":2,"minecraft:spruce_planks":1,"minecraft:shield":41,"minecraft:iron_sword":67,"minecraft:stone_hoe":87,"minecraft:cooked_chicken":3,"minecraft:rotten_flesh":8,"minecraft:netherrack":28,"minecraft:torch":68,"minecraft:dirt":238,"minecraft:granite":2,"minecraft:wooden_axe":32,"alexsmobs:maggot":2,"minecraft:lava_bucket":9,"minecraft:quartz_block":2,"minecraft:stone_bricks":1,"minecraft:magma_block":4,"minecraft:bow":19,"minecraft:furnace":24,"minecraft:oak_sapling":51,"minecraft:egg":7,"minecraft:golden_axe":12,"minecraft:wheat_seeds":6,"minecraft:cooked_mutton":7,"minecraft:water_bucket":12,"minecraft:stone_pickaxe":59,"minecraft:oak_planks":41,"minecraft:blackstone":1,"minecraft:wooden_pickaxe":14,"minecraft:sugar_cane":13,"minecraft:white_wool":2,"minecraft:golden_apple":1,"minecraft:golden_hoe":32,"minecraft:oak_slab":138,"minecraft:crafting_table":14,"minecraft:white_bed":2,"minecraft:oak_log":261,"minecraft:apple":2,"minecraft:iron_pickaxe":252,"minecraft:gravel":9,"minecraft:spruce_sapling":1,"minecraft:stone_axe":104,"minecraft:cobblestone":40,"minecraft:porkchop":3,"minecraft:cooked_porkchop":7,"minecraft:birch_log":17,"minecraft:bucket":23,"alexsmobs:animal_dictionary":1,"minecraft:bone_meal":9},"minecraft:dropped":{"minecraft:iron_sword":1,"minecraft:wheat_seeds":4,"minecraft:brown_wool":1,"alexsmobs:raccoon_tail":1,"minecraft:dandelion":1,"minecraft:gold_ingot":15,"minecraft:kelp":64,"alexsmobs:maggot":4,"minecraft:nether_brick":6,"minecraft:obsidian":1,"minecraft:light_gray_wool":1,"minecraft:flint_and_steel":1,"minecraft:mossy_stone_brick_wall":1,"alexsmobs:cockroach_wing_fragment":1,"minecraft:wooden_pickaxe":2,"minecraft:stone_pickaxe":1,"minecraft:egg":2},"minecraft:mined":{"minecraft:nether_gold_ore":10,"minecraft:white_bed":1,"minecraft:granite":2,"minecraft:grass_block":56,"minecraft:kelp":24,"minecraft:tall_seagrass":31,"minecraft:magma_block":4,"minecraft:furnace":16,"minecraft:iron_ore":34,"minecraft:fire":1,"minecraft:gold_block":1,"minecraft:stone":91,"minecraft:white_wool":2,"minecraft:oak_slab":6,"minecraft:quartz_block":2,"minecraft:kelp_plant":150,"minecraft:dandelion":1,"minecraft:crafting_table":10,"minecraft:torch":2,"minecraft:chest":1,"minecraft:nether_quartz_ore":39,"minecraft:tall_grass":2,"minecraft:cobblestone":28,"minecraft:oak_planks":6,"minecraft:sugar_cane":19,"minecraft:wall_torch":3,"minecraft:seagrass":27,"minecraft:mossy_stone_brick_wall":1,"minecraft:birch_log":17,"minecraft:wheat":3,"minecraft:spruce_log":6,"minecraft:grass":41,"minecraft:coal_ore":27,"minecraft:oak_log":263,"minecraft:dirt":131,"minecraft:stone_bricks":1,"minecraft:netherrack":51,"minecraft:oak_leaves":10}},"DataVersion":2586}