{"stats":{"minecraft:custom":{"minecraft:time_since_rest":24775,"minecraft:play_one_minute":24775,"minecraft:sprint_one_cm":53645,"minecraft:damage_taken":120,"minecraft:walk_one_cm":51027,"minecraft:walk_under_water_one_cm":560,"minecraft:mob_kills":3,"minecraft:jump":235,"minecraft:damage_dealt":249,"minecraft:leave_game":7,"minecraft:time_since_death":24775,"minecraft:walk_on_water_one_cm":8287,"minecraft:interact_with_crafting_table":2,"minecraft:fall_one_cm":4819,"minecraft:fly_one_cm":30536},"minecraft:killed":{"alexsmobs:raccoon":1,"minecraft:sheep":2},"minecraft:picked_up":{"minecraft:crafting_table":1,"minecraft:spruce_sapling":1,"minecraft:cobblestone":7,"minecraft:dirt":4,"minecraft:sugar_cane":20,"minecraft:mutton":6,"minecraft:white_wool":3,"minecraft:egg":1},"minecraft:crafted":{"minecraft:white_bed":1,"minecraft:stick":8,"minecraft:wooden_pickaxe":1,"minecraft:wooden_axe":1},"minecraft:used":{"minecraft:wooden_axe":1,"minecraft:dirt":1,"minecraft:mutton":5,"minecraft:crafting_table":1,"minecraft:wooden_pickaxe":8,"alexsmobs:animal_dictionary":1,"minecraft:egg":1,"minecraft:spruce_sapling":1},"minecraft:mined":{"minecraft:grass":12,"minecraft:grass_block":2,"minecraft:dirt":2,"minecraft:tall_grass":4,"minecraft:stone":8,"minecraft:sugar_cane":8,"minecraft:crafting_table":1}},"DataVersion":2586}